run_no,sample_simple,sample_name,member,type,loc,facies,features,thin_section,d13c_carb,d18o_carb,Li_umol_molCa,Na_mmol_molCa,Mg_mmol_molCa,Al_mmol_molCa,K_mmol_molCa,V_umol_molCa,Mn_mmol_molCa,Fe_mmol_molCa,Rb_umol_molCa,Sr_mmol_molCa,Th_umol_molCa,U_umol_molCa
2,CV110,C1_138.5,TLM,section,gsm_type_sec,dolostone,,,-11.13208008,-14.97642803,80.26491355,18.59357833,696.6716174,1.52009723,12.84834302,0.673146685,33.8485358,80.71242935,3.399844793,0.87873449,0.117421269,0.178230205
2,CV111,C1_141.5,TLM,section,gsm_type_sec,dolostone,,,-10.82213211,-14.51097012,24.85517825,16.63243841,696.7977686,1.434306142,5.501481703,0.714541227,31.87843315,161.0768763,1.468020603,0.842175234,0.133346845,0.246009756
2,CV112,C1_142.3,TLM,section,gsm_type_sec,dolostone,,y,-10.79892349,-14.85731697,49.05622212,24.78479689,699.2967065,1.565565859,9.862716865,0.540041037,32.13696418,77.65106337,2.631018441,0.852323885,0.150735006,0.392867603
2,CV113,C1_142.8,TLM,section,gsm_type_sec,dolostone,,y,-10.95125675,-14.6684618,30.62320392,18.31528759,692.7731209,1.488263177,6.790428542,0.076142965,31.93918979,166.870286,1.85660891,0.848947036,0.088889011,0.169167525
2,CV114,C1_143.6,TLM,section,gsm_type_sec,dolostone,,,-11.20570087,-14.8111763,41.33126443,8.443377808,545.5145107,0.506428498,8.555431429,0.161026015,25.61582767,108.5847984,2.259736255,0.807199757,0.04365146,0.150670792
2,CV115,C1_144.2,TLM,section,gsm_type_sec,dolostone,,y,-11.04202271,-15.07362175,23.08269507,11.27274519,423.8333885,0.268084387,2.715576471,0.267820381,21.79345204,47.37529602,0.735109514,0.821883725,0.058658372,0.741949905
2,CV116,C1_147.9,TLM,section,gsm_type_sec,dolostone,,,-10.86657715,-14.93898678,28.34249042,5.223576772,342.2293533,0.476651799,3.965440522,0.14607583,15.33893833,61.09082777,1.019381385,0.846897951,0.201867185,0.248349726
2,CV117,C1_148.5,TLM,section,gsm_type_sec,sandy grainstone,,,-10.82417488,-15.64120865,21.99603367,6.184654925,147.1844376,2.026436714,9.319573068,0.426356353,9.199408615,38.59941208,2.259130385,0.754762235,0.535749561,0.202477161
2,CV118,C1_149.0,TLM,section,gsm_type_sec,sandy grainstone,,,-10.94159889,-15.43615055,41.70566656,13.77355811,188.1691061,3.519187519,16.22381073,0.149417606,9.993072347,40.86710782,3.616755466,0.778511469,1.123057911,0.267799448
2,CV119,C1_150.0,TLM,section,gsm_type_sec,sandy grainstone,,,-10.9717865,-15.2862587,37.08758205,6.098329087,291.9891358,4.031450547,15.72573159,0.375098923,11.77334727,67.61571643,3.82594176,0.758634491,0.611014169,0.23688086
2,CV120,C1_151.0,TLM,section,gsm_type_sec,sandy pink crystalline limestone,,,-10.06974697,-15.83237648,4.780538558,2.912611337,12.77548502,0.28825445,0.643509506,0.037678854,4.756667613,3.655736533,0.182821803,0.578274809,0.035101446,0.213017732
2,CV121,C1_152.5,TLM,section,gsm_type_sec,sandy pink crystalline limestone,,,-10.24826622,-15.69876194,3.207540444,12.81169738,14.719949,0.518481151,0.747201222,0.15260471,4.49206193,6.357788415,0.179762019,0.712989727,0.086511769,0.129295543
2,CV122,C1_153.4,TLM,section,gsm_type_sec,dolostone,,,-11.23564911,-14.73853111,18.20107723,3.575622905,517.3619611,0.563134974,4.901318653,0.103892389,15.31206694,107.745059,1.197764162,0.798481704,0.083244059,0.107786728
2,CV123,C1_155.0,TLM,section,gsm_type_sec,sandy pink crystalline limestone,,,-9.781411171,-15.93054485,3.788807828,2.700529381,16.54870602,0.235214865,0.697328086,0.055948848,4.240763333,5.254775401,0.181352705,0.549540457,0.049691789,0.086075721
2,CV124,C1_155.4,TLM,section,gsm_type_sec,sandy pink crystalline limestone,,,-10.06463814,-15.76416588,25.10157275,3.71130905,59.03254801,1.584487895,6.131209609,0.118116107,4.393089873,16.78441996,1.465766419,0.662886743,0.215487465,0.115384693
2,CV125,C1_156.0,TLM,section,gsm_type_sec,pink crystalline limestone,,,-9.303689957,-15.76877022,6.693678769,3.045015531,14.59705414,0.145287325,0.883663126,0.07571971,3.476444309,0.665278996,0.232137367,0.511675013,0.003102971,0.111888316
2,CV126,C1_157.0,TLM,section,gsm_type_sec,sandy pink crystalline limestone,,,-9.024132729,-15.80631161,5.381026135,1.671695242,12.00178946,0.357052824,1.258216691,0.0877938,3.258697782,3.556410106,0.321886075,0.456187722,0.04133668,0.20145901
2,CV127,C1_157.5,TLM,section,gsm_type_sec,sandy green crystalline limestone,,,-9.033914566,-15.78957272,25.81957895,1.356157668,10.93050833,0.113578671,1.256023354,0.033427237,3.511293921,2.557174083,0.298345827,0.496957813,0.008289956,0.414888996
2,CV128,C1_158.0,TLM,section,gsm_type_sec,green crystalline limestone,,,-8.835751534,-15.81721783,8.086788752,1.238244383,11.38950203,0.091140008,0.551792022,0.013610163,2.585731526,1.069423192,0.134709694,0.548662398,0.022840722,0.266797847
2,CV129,C1_158.5,TLM,section,gsm_type_sec,green crystalline limestone,,,-8.74762249,-15.74120235,13.84006328,1.165022709,12.55828032,0.13356972,0.480465835,0.037883626,2.389145151,2.058555128,0.11928283,0.525354081,0.017425418,0.169256783
2,CV130,C1_159.0,TLM,section,gsm_type_sec,green and pink crystalline limestone,,,-8.526940346,-15.84171867,15.14497194,1.227792663,10.79978413,0.510702208,0.730234809,0.086011582,2.220800576,4.016370146,0.168414362,0.362244465,0.045467974,0.145143648
2,CV131,C1_159.5,TLM,section,gsm_type_sec,green and pink crystalline limestone,,,-8.715175629,-15.69595814,4.56395519,0.927532898,9.53008216,0.22385704,0.874986528,0.075213415,2.064351121,3.127729308,0.189909212,0.45066218,0.02994259,0.193295084
2,CV132,C1_160.0,TLM,section,gsm_type_sec,green and pink crystalline limestone,,,-8.466317177,-15.75385571,15.57556079,1.340885132,13.20394726,0.3506937,0.972554411,0.010650658,1.899412344,3.414019327,0.24164516,0.35934604,0.025633723,0.167785797
2,CV133,C1_160.5,TLM,section,gsm_type_sec,green and pink crystalline limestone,,,-8.282411575,-15.74932671,8.510629855,0.758247867,12.01830437,0.168191972,0.570289902,0.070081466,1.688069346,3.423838538,0.119259408,0.333696994,0.016823357,0.41423286
2,CV134,C1_161.0,TLM,section,gsm_type_sec,green and pink crystalline limestone,,,-8.137392998,-15.64827347,13.54645644,1.313733953,18.46454672,0.137657479,1.232828277,0.083191212,1.900492207,6.440924507,0.281043528,0.335272706,0.008572447,0.46726816
2,CV135,C1_161.5,TLM,section,gsm_type_sec,green and pink crystalline limestone,sulfides,,-8.004037857,-15.59307384,4.273499526,0.755955414,12.30889152,0.190625333,0.657131642,0.090417522,1.761123161,6.080976231,0.147129352,0.336659176,0.036649012,0.603589022
2,CV136,C1_162.0,TLM,section,gsm_type_sec,green and pink crystalline limestone,,,-7.997822762,-15.62264633,6.243932068,0.970227562,14.73403813,0.129497142,0.71937435,0.050687772,1.785086505,5.185822238,0.159068455,0.322733157,0.015629427,0.222390963
2,CV137,C1_162.5,TLM,section,gsm_type_sec,green and pink crystalline limestone,,,-7.98462677,-15.72000313,11.99096257,1.086129749,18.12314914,0.32120446,1.094125846,0.076829041,1.826700064,7.832976629,0.240091001,0.308408545,0.037439031,0.238503976
2,CV138,C1_163.0,TLM,section,gsm_type_sec,green and pink crystalline limestone,,,-7.984471321,-15.6264801,6.30770816,1.09778352,13.71755104,0.35380105,1.020594,0.06995554,1.71747082,4.553759528,0.227765745,0.341852152,0.052992132,0.729596443
2,CV139,C1_163.5,TLM,section,gsm_type_sec,green and pink crystalline limestone,,,-8.045088768,-15.57610321,26.64194825,1.19931639,44.72127335,0.828541018,2.496047228,0.025681068,2.402981625,13.19856951,0.507798707,0.298670903,0.065504118,0.443278012
2,CV140,C1_164.0,TLM,section,gsm_type_sec,green and pink crystalline limestone,,,-7.826013088,-15.86332893,18.69641375,0.568163079,10.09929004,0.317910096,0.95554381,0.058814646,2.081797234,2.818742976,0.197159567,0.311267074,0.018357782,0.26756061
2,CV141,C1_164.5,TLM,section,gsm_type_sec,green and pink crystalline limestone,,,-8.658717155,-14.52880859,119.8125427,6.951802021,379.1552451,3.632842291,14.9768953,0.038165357,6.411792447,97.47575038,3.20781065,0.436837054,0.180194247,0.522044182
2,CV142,C1_165.0,TLM,section,gsm_type_sec,grey crystalline limestone,,,-7.599073887,-15.80164146,16.90569201,0.605383472,13.93689676,0.549655656,1.090077546,0.542047434,2.157821831,2.876158908,0.241189126,0.36667063,0.063025534,4.479580728
2,CV143,C1_165.5,TLM,section,gsm_type_sec,grey crystalline limestone,,,-7.899730682,-15.97568226,25.58792001,0.390723315,16.56877234,0.175102138,0.758361561,0.05070414,4.09067023,3.095235035,0.164238123,0.52251938,0.005175842,4.116132117
2,CV144,C1_166.0,TLM,section,gsm_type_sec,sandy grey crystalline limestone,,,-9.395406723,-14.45478535,783.200841,39.51582609,706.7264345,29.36098306,82.10448945,0.236650955,23.67955414,145.8233017,17.19776142,0.806101402,0.751856853,2.245764061
1,CV37,C1_171_ICT_1,WMM,ict,gsm_type_ict,ls mudstone,,,-4.3221207,-15.89003754,20.07949415,0.808735974,24.97686273,0.213599964,1.4088992,0.05516613,2.617457361,1.241445478,2.110039226,2.095753206,0.003058681,0.683156671
1,CV38,C1_171_ICT_13,WMM,ict,gsm_type_ict,ls mudstone,,y,-3.6272686,-15.820364,16.46526989,0.627319088,29.2113889,0.159251187,0.620343211,0.7125576,1.323022967,1.235739174,1.215058906,0.895484822,0.00097332,0.519756878
1,CV40,C1_171_ICT_14,WMM,ict,gsm_type_ict,ls mudstone,,,-2.5378156,-15.89345169,9.762163925,0.473315662,19.55850013,0.091305781,0.169999327,0.269000799,2.159214111,0.943887126,0.49574333,3.06163261,0.00257473,0.820130631
1,CV36,C1_171_ICT_23,WMM,ict,gsm_type_ict,ls mudstone,,,-5.1657019,-15.86064148,10.41734019,0.890523765,13.62946682,0.30881536,1.333623563,0.066192607,5.944931773,3.720668464,2.287435552,0.60761748,0.005089531,0.56027791
1,CV41,C1_171_ICT_25,WMM,ict,gsm_type_ict,ls mudstone,,,-2.3778145,-15.83648491,7.377761314,0.54805968,24.07906974,0.133276948,0.330109112,0.392383671,1.809454015,1.291626072,0.673968682,1.692517776,0.001982583,0.695467632
1,CV35,C1_171_ICT_27,WMM,ict,gsm_type_ict,ls mudstone,,,-6.3850598,-15.98455811,13.65484578,0.753878706,23.25399923,0.346348377,0.843994153,1.142097109,4.228074924,3.919345878,1.484472911,0.632021169,0.023270148,1.045647215
1,CV39,C1_171_ICT_28,WMM,ict,gsm_type_ict,ls mudstone,,,-2.7232685,-15.86771393,13.23949105,0.516842176,24.57031886,0.099144474,0.517152182,0.33915019,1.81030021,0.830596627,0.987496845,2.397761319,0.000820183,0.652278023
1,CV45,C1_171_ICT_29,WMM,ict,gsm_type_ict,ls mudstone,,,0.7904439,-14.1596365,10.07793662,0.217208435,23.00522328,0.063976156,-0.049576309,0.947158957,0.703568036,0.110546377,0.06879896,2.848129802,-0.000213902,0.30277272
1,CV44,C1_171_ICT_35,WMM,ict,gsm_type_ict,ls mudstone,,y,-0.7956858,-15.62471008,7.763857117,0.248213259,18.44535532,0.049003076,0.032330515,0.601078788,0.471953823,0.402492775,0.223264829,2.561417656,0.000755306,0.288169384
1,CV43,C1_190.5_ICT_1,WMM,ict,gsm_type_ict,ls mudstone,,,-1.1939731,-15.80351639,7.733417514,0.840006408,16.03255184,0.115449001,0.147745494,0.638661664,1.230557871,0.81974768,0.349564127,2.800708201,0.00145609,0.511626744
1,CV34,C1_190.5_ICT_5,WMM,ict,gsm_type_ict,ls mudstone,,,-7.9592466,-15.82437325,5.430911129,0.633446791,16.08862796,0.056030958,0.209907673,0.031269013,4.260034654,0.972570125,0.477420149,0.436961465,0.002053989,0.18302894
1,CV42,C1_190.5_ICT_7,WMM,ict,gsm_type_ict,ls mudstone,,,-1.5727801,-15.70087242,4.633961055,0.465973579,25.47083364,0.070728001,-0.043417137,0.80732606,1.462483497,0.630234944,0.220033365,3.079689593,0.000934596,0.453121209
1,CV106,C12_11.6_ICT_4,WMM,ict,boomerang_ict,dolostone,,,-8.8434219,-11.66735363,27.80590737,1.22984709,615.0910326,0.095791684,3.760449751,0.112007148,16.75288712,34.28034569,7.422329243,0.275336036,0.004457131,0.118231384
1,CV109,C12_12.0_ICT_29,WMM,ict,boomerang_ict,dolostone,,,-7.5988746,-12.67978764,56.87738251,1.328138107,480.3864918,0.112805173,4.28225115,-0.025837628,16.11508898,29.87939813,9.81308126,0.670957198,0.005215767,0.145441452
1,CV104,C12_12.0_ICT_4,WMM,ict,boomerang_ict,sandy limestone,,,-9.0696354,-10.09078884,32.84427406,1.765872657,478.8308814,0.081915422,2.394650006,-0.035374884,16.88818501,7.301433293,4.469401544,0.122218893,0.003376909,0.123192786
1,CV91,C12_17.0_ICT_14,WMM,ict,boomerang_ict,sandy grey crystalline limestone,,,-10.030611,-15.34736919,7.143313765,1.430002897,16.23213413,0.083075984,0.31495893,-0.055850379,8.476684123,4.245399792,0.288378957,0.629485815,0.021883967,0.173580655
1,CV100,C12_17.0_ICT_19,WMM,ict,boomerang_ict,sandy grey crystalline limestone,,,-9.4462538,-15.4034481,8.995207335,1.050014405,13.20000183,0.203707025,0.456269374,0.020165409,3.730955356,2.342723996,0.442650709,0.493289088,0.046339607,0.099132798
1,CV101,C12_17.0_ICT_22,WMM,ict,boomerang_ict,sandy grey crystalline limestone,,,-9.3883886,-15.33666134,9.139049527,1.038657309,16.62814001,0.189382074,0.378000846,0.220536194,3.613498165,2.43195404,0.435897849,0.51125664,0.015585864,0.129639652
1,CV99,C12_17.0_ICT_25,WMM,ict,boomerang_ict,grey crystalline limestone,,,-9.5084963,-15.20248699,8.287616238,1.689211847,17.30561929,0.256182271,0.556674707,0.119412623,5.816514904,3.0070269,0.586619562,0.519977101,0.012637775,0.184926355
1,CV94,C12_17.0_ICT_34,WMM,ict,boomerang_ict,grey crystalline limestone,,,-9.8368225,-14.95411587,14.50238216,1.731629065,12.5180016,0.302920029,0.48124024,0.073604707,5.818574809,2.683407567,0.707046331,0.356859026,0.019189192,0.165666594
1,CV86,C12_17.0_ICT_45,WMM,ict,boomerang_ict,grey crystalline limestone,,,-11.714916,-15.06578636,12.79752939,0.890584085,17.7396044,0.154736782,0.273598063,-0.002792157,3.896344089,4.768228969,0.224004271,0.546577484,0.013129354,0.33346
1,CV102,C12_17.0_ICT_74,WMM,ict,boomerang_ict,sandy grey crystalline limestone,,,-9.284214,-15.36845112,10.11970254,1.394691718,14.94473903,0.092140798,0.384688698,-0.031538642,5.80758881,1.237724219,0.634927286,0.454970503,0.003003541,0.102216701
1,CV89,C12_17.0_ICT_88,WMM,ict,boomerang_ict,grey crystalline limestone,,,-10.242149,-15.05359745,7.63254313,1.456988849,11.04014684,0.12540529,0.431767299,0.001365383,9.82121678,3.263284683,0.724706209,0.331202897,0.007011993,0.150032837
1,CV97,C12_17.0_ICT_95,WMM,ict,boomerang_ict,grey crystalline limestone,,,-9.6413898,-14.96531963,14.6907453,1.218204215,19.31390042,0.226152064,0.453078407,0.629112766,4.555055461,2.451532901,0.784234611,0.440650265,0.002688062,0.159339592
1,CV108,C12_5.6_ICT_28,WMM,ict,boomerang_ict,dolostone,,,-8.3032951,-11.52767944,20.83150554,0.792876287,463.6368185,0.242872255,1.998290888,-0.155867334,17.74497449,56.27152115,1.542092399,0.467003598,0.159576989,0.238892836
1,CV88,C12_5.6_ICT_29,WMM,ict,boomerang_ict,dolostone,,,-10.36665,-11.0442524,30.46383801,0.896629779,632.2697451,0.033868917,1.91694742,-0.078303182,22.00195195,8.02391812,3.388081989,0.31237298,0.002257887,0.147471462
1,CV96,C12_5.6_ICT_3,WMM,ict,boomerang_ict,dolostone,,,-9.6848888,-11.69941235,37.49455333,1.153021565,571.4478244,0.085904263,2.165391699,0.022324974,18.15305073,63.59297784,3.456992858,0.553421079,0.007399612,0.234368802
1,CV90,C12_5.6_ICT_33,WMM,ict,boomerang_ict,dolostone,,,-10.109318,-8.012815475,19.72599253,1.307463919,727.4951495,0.215055355,1.35169278,0.083702204,9.805081483,24.27004085,1.949815239,0.374571429,0.01745987,0.946423975
1,CV93,C12_5.6_ICT_4,WMM,ict,boomerang_ict,dolostone,,,-9.8856859,-11.0183115,25.6503727,1.189075983,587.854005,0.090723395,2.609409033,-0.205460485,18.98384746,55.51067395,4.366350595,0.286551658,0.006387224,0.095831457
1,CV107,C12_65.0_ICT_13,WMM,ict,boomerang_ict,pink laminated crystalline limestone,,,-8.6122036,-14.63952351,11.57527416,1.048440909,15.30507144,0.188561092,0.381853205,0.210730194,7.271564361,0.621258325,0.427965127,0.427373316,0.002961594,0.201003346
1,CV103,C12_67.0_ICT_14,WMM,ict,boomerang_ict,pink laminated crystalline limestone,,,-9.1829529,-14.87120914,7.955822177,0.744253299,15.20984547,0.094026549,0.234628122,0.025314047,8.330331922,0.171212625,0.198856876,0.431516586,0.004718325,0.249647455
1,CV105,C12_70.0_ICT_19,WMM,ict,boomerang_ict,pink crystalline limestone,,,-8.956892,-14.91298199,7.485640438,0.882244734,14.60944935,0.188624136,0.404878916,0.207042678,6.712927503,1.573144465,0.333494508,0.407698735,0.008404475,0.115084894
1,CV87,C12_8.6_ICT_15,WMM,ict,boomerang_ict,dolostone,,,-10.579409,-11.16019154,32.48397304,1.457933956,677.3495914,0.488768204,4.126974573,0.206447459,21.93593156,75.68834703,6.303905552,0.292794373,0.026589633,0.267511122
1,CV95,C12_8.6_ICT_17,WMM,ict,boomerang_ict,dolostone,,,-9.7602472,-11.87614632,24.76909834,2.066996102,607.3240053,0.789666006,4.041609716,0.097268875,19.83678413,89.21727876,6.719979986,0.279407436,0.019082939,0.271835519
1,CV98,C12_8.6_ICT_18,WMM,ict,boomerang_ict,dolostone,,,-9.5661716,-11.96961308,19.67006427,1.261595961,612.4060987,0.07890618,2.712453501,-0.023047125,19.83743552,30.89432004,4.208329319,0.261557786,0.019924373,0.126196559
1,CV92,C12_8.6_ICT_6,WMM,ict,boomerang_ict,dolostone,,,-9.9540386,-11.67818356,24.93799528,1.069807421,651.2969001,0.112924123,2.882863102,0.024355286,18.52843652,75.82527568,4.70177022,0.33486076,0.002320008,0.302723529
2,CV148,C13_108.8,TLM,section,wolverine_sec,grey laminated crystalline limestone,,,-12.59484482,-16.17363167,66.48167524,9.584863021,15.0111225,2.084677458,3.829234994,0.609068427,24.2763,3.627708162,0.983037555,0.803224377,0.474862371,0.203181546
1,CV-2,C13_111.5,TLM,section,wolverine_sec,sandy grainstone,,,-11.290352,-16.04961967,210.7654015,20.00905313,33.34295368,15.05880671,59.76799651,0.590821369,23.20845497,37.87543497,79.97081682,1.039982972,1.968709592,0.669501236
2,CV149,C13_111.8,TLM,section,wolverine_sec,sandy pink crystalline limestone,,,-12.4971714,-16.38692474,50.63387684,9.737223226,23.50951261,2.481114475,2.542905344,1.509397766,24.15257982,3.201859193,0.614288963,0.680553882,0.378523263,0.702936033
2,CV150,C13_112.1,TLM,section,wolverine_sec,sandy pink crystalline limestone,,,-12.16679192,-16.0504303,37.31615155,8.602311603,13.55433904,2.064032461,4.026636525,33.96965614,27.19077961,1.975197746,1.02131087,0.609044939,0.200659585,7.14226097
2,CV151,C13_112.6,TLM,section,wolverine_sec,sandy grey laminated crystalline limestone,,,-10.31417084,-15.05315685,235.0428453,13.92935607,30.75741517,16.24000316,22.85076025,3.803896453,21.05794193,1.364176163,5.166360399,1.933594824,3.55551269,1.034389169
2,CV152,C13_113.4,TLM,section,wolverine_sec,sandy grey laminated crystalline limestone,,,-11.9162178,-15.78307343,25.46326001,11.20140792,17.55208294,1.893194989,1.402080668,0.037129044,31.47392205,1.345701711,0.335777064,0.607269951,0.336399172,0.176174868
1,CV-3,C13_116.9,TLM,section,wolverine_sec,sandy grey laminated crystalline limestone,,,-9.0917969,-15.48183632,33.69200585,1.428771333,17.92325764,0.970269938,-0.601144455,0.187445158,15.20118567,4.911121751,0.820711404,0.508752343,0.042300103,0.829492113
2,CV153,C13_117.2,TLM,section,wolverine_sec,sandy grainstone,,,-10.24787903,-15.84922314,250.7713748,14.90220249,32.80660919,14.6316717,39.69399597,3.12223611,19.6907843,0.742825709,9.182719741,0.872050168,2.630091978,1.102713835
2,CV154,C13_117.6,TLM,section,wolverine_sec,sandy grainstone,,,-10.08938789,-15.52910233,363.6335879,30.6523593,39.34190642,16.70206025,62.41981,4.341754177,23.10588356,0.908530973,14.19512798,0.647512616,2.443659089,1.309926839
2,CV155,C13_123.9,TLM,section,wolverine_sec,sandy grainstone,,,-9.608205795,-16.17721939,156.2486414,9.632854871,26.53368409,7.220536938,14.45591077,0.72456469,16.78716448,0.347642349,3.337054287,0.436501015,1.384555951,0.4945858
2,CV156,C13_124.0,TLM,section,wolverine_sec,grey crystalline limestone,,,-9.44181633,-13.28641415,35.30568355,1.671096121,11.44278297,0.818093587,0.268571555,0.080992337,12.332897,1.410353699,0.071275194,0.302208716,0.042916352,0.244004422
1,CV-4,C13_127.9,TLM,section,wolverine_sec,sandy pink crystalline limestone,,,-8.8876619,-14.1134243,24.23509673,3.683196549,12.85817715,0.617967766,-0.215382153,0.424743785,9.343590638,1.506403223,1.269108717,0.352786677,0.066985193,0.128089324
2,CV157,C13_129.1,TLM,section,wolverine_sec,pink crystalline limestone,,,-7.892449379,-13.80066681,13.22179593,1.2623811,16.58798014,0.324485275,0.217557787,0.636541433,6.754810816,0.484851988,0.052649273,0.346956543,0.005910557,0.175679808
2,CV158,C13_129.3,TLM,section,wolverine_sec,sandy pink crystalline limestone,,,-7.89498806,-14.14472675,17.19012087,1.383407027,19.80686052,0.452975805,0.371753836,0.904832916,7.645722504,0.990840854,0.080678331,0.345586424,0.034113962,0.31245894
2,CV159,C13_129.4,TLM,section,wolverine_sec,green and pink crystalline limestone,,,-8.703214645,-14.06513882,21.02462502,1.945765119,12.88549224,0.282635876,0.341583721,0.028539493,11.90308025,0.442011461,0.08143419,0.308873938,0.026915664,0.23083846
2,CV160,C13_129.5,TLM,section,wolverine_sec,grey crystalline limestone,,,-9.139353752,-14.42966366,29.31862842,1.313148707,13.15588152,0.642428984,0.344642425,0.175956047,13.73637963,1.424065414,0.080153128,0.305896678,0.025657503,0.488714802
1,CV-5,C13_129.7,TLM,section,wolverine_sec,grey crystalline limestone,,y,-8.8252287,-14.23236942,36.79585234,2.340743189,17.28037419,1.156902726,-0.490749962,0.222512057,11.60005261,1.877220519,1.062183881,0.39720232,0.029422519,0.432860431
1,CV-6,C13_134.7,TLM,section,wolverine_sec,pink and grey laminated crystalline limestone,,,-8.6334715,-14.74773026,25.7689418,2.119804547,17.83339764,0.410096381,0.243677323,0.362930688,11.89351122,1.917873253,1.334263619,0.486744552,0.011064971,0.225375879
1,CV-7,C13_138.6,TLM,section,wolverine_sec,grey crystalline limestone,,,-8.786953,-14.62822533,31.01632744,2.165200617,17.89838046,0.917625307,-0.255633819,0.212007675,24.72657251,5.156999715,1.13031593,0.485232918,0.055456141,1.257386719
1,CV-8,C13_144.6,TLM,section,wolverine_sec,grey crystalline ls mudstone,,,-8.0234184,-14.33851433,44.49281186,1.156468789,16.20071814,0.646986561,-0.036543586,0.211172779,8.397345252,3.20410931,0.933877787,0.376542904,0.011575474,0.721459183
1,CV-9,C13_147.2,TLM,section,wolverine_sec,grey crystalline limestone,,,-7.8177605,-13.96443748,19.55064786,1.624217725,13.52479111,0.487723582,-0.168775971,0.260895181,5.518815562,2.801965755,0.86909481,0.33547538,0.017423562,0.256127229
1,CV-10,C13_151.8,TLM,section,wolverine_sec,grey crystalline limestone,,,-8.5667477,-14.09566212,48.97379149,1.686121425,16.2682979,0.94364454,-0.048492125,0.196614734,6.923378575,5.605140611,1.31615323,0.383730804,0.030136599,1.987132614
1,CV-11,C13_153.6,TLM,section,wolverine_sec,grey crystalline limestone,,,-8.1160059,-14.31684113,57.70918641,1.786792939,19.84652623,0.935058655,0.70310914,0.374652045,5.81913054,5.04477888,1.878873685,0.430021286,0.021668691,1.222137171
1,CV-12,C13_155.8,TLM,section,wolverine_sec,grey crystalline limestone,,,-8.4597168,-14.01925182,28.51066063,0.856989024,18.33488009,0.324805859,0.342131203,0.109395328,7.822616417,4.927546079,0.964956366,0.420182724,0.006135562,3.366190319
1,CV-1,C13_96.4,TLM,section,wolverine_sec,sandy crystalline limestone with microcrystalline dolomite,,y,-11.88236,-14.77553558,27.43204182,2.874554419,13.4191449,0.602456613,-0.506767853,0.245535909,15.72848552,1.736167281,0.581379382,0.412875477,0.049431283,0.52702517
2,CV145,C13_96.5,TLM,section,wolverine_sec,sandy crystalline limestone ribbonite,,y,-12.1254425,-14.80136585,34.8458856,2.689073101,14.53599583,0.712523105,0.187596465,0.02465012,14.96645149,2.215015589,0.039590197,0.560101368,0.028882572,0.459321449
2,CV146,C13_96.6,TLM,section,wolverine_sec,sandy crystalline limestone ribbonite,,,-11.89342976,-14.76557732,23.97718082,2.421824503,12.41700164,0.56935271,0.145536611,0.098974563,11.81467935,1.502848498,0.037448075,0.499663975,0.01603917,0.417364061
2,CV147,C13_97.0,TLM,section,wolverine_sec,sandy crystalline limestone,,,-12.11106014,-15.38822269,9.242734309,1.708957192,11.5625414,0.406335664,0.285205065,0.588246956,12.31125773,1.076326404,0.059673164,0.531968779,0.053624828,0.725902158
2,CV214,C16_105.1_ICT_100,WMM,ict,mckale_ict,tan crystalline limestone,,,-6.287325859,-21.45601654,3.562311999,0.159620978,9.585061289,0.212734232,1.258376181,0.002803507,5.80956137,6.222450304,0.257808166,1.847658743,0.035849429,0.711902972
1,CV60,C16_105.1_ICT_25,WMM,ict,mckale_ict,sandy limestone,,,-7.3207445,-20.71597862,3.134604103,0.167035499,12.78572203,0.197139964,1.171053974,-0.087792077,5.958375473,7.055490387,1.937055578,1.798205655,0.006067109,0.480367915
1,CV69,C16_105.1_ICT_29,WMM,ict,mckale_ict,sandy grey crystalline limestone,,,-6.0740433,-23.52236557,4.214238734,0.249638549,8.009811566,0.232277866,1.63194525,-0.064947192,5.628691322,5.495569004,3.119014443,1.815781901,0.010886328,3.160580934
1,CV67,C16_105.1_ICT_30,WMM,ict,mckale_ict,sandy grey crystalline limestone,,,-6.3350372,-23.54651833,1.768562698,0.184500761,7.944995105,0.112400647,0.913648911,0.012278916,5.314146216,4.81628364,1.715720567,1.697384776,0.006140539,3.046047141
2,CV215,C16_105.1_ICT_32,WMM,ict,mckale_ict,sandy grey crystalline limestone,,,-6.246683121,-22.59384155,5.412655707,0.322710715,7.053183304,0.401813554,2.100339484,0.02561203,5.727700548,7.149528793,0.429505223,1.658662337,0.161750578,1.097713896
1,CV51,C16_105.1_ICT_35,WMM,ict,mckale_ict,sandy grey crystalline limestone,,,-8.0293493,-18.05404091,9.314975363,0.138575216,90.08808484,0.112054023,1.276331993,-0.060236555,9.362940661,13.60387698,1.929049917,1.832551468,0.001571793,0.224688441
2,CV218,C16_105.1_ICT_36,WMM,ict,mckale_ict,sandy grey crystalline limestone,,y,-6.004561424,-25.33948517,2.584609703,0.13061494,7.612011157,0.181077208,0.745572689,0.040592559,4.141297052,6.231584928,0.154441904,1.615319504,0.184093918,1.467724979
2,CV213,C16_105.1_ICT_37,WMM,ict,mckale_ict,sandy grey crystalline limestone,,,-6.364213467,-22.40200233,3.429845179,0.160679051,12.10363252,0.300142066,1.158017262,-0.030811729,6.03161197,6.881361701,0.218615749,1.727529543,0.036405514,0.908495342
2,CV220,C16_105.1_ICT_39,WMM,ict,mckale_ict,sandy grey crystalline limestone,,,-5.549554825,-21.6430645,4.012497784,0.225393937,9.016562107,0.095518675,1.689085123,-0.031836506,5.263145141,3.620805891,0.339136747,1.336760942,0.025550492,1.852930739
1,CV71,C16_105.1_ICT_41,WMM,ict,mckale_ict,sandy limestone,,,-5.8306813,-20.12921906,6.339841415,0.289947237,29.19536168,0.450858864,2.398727117,-0.016523116,6.466873111,8.582171323,3.93098847,1.730984385,0.162486676,0.916430496
1,CV58,C16_105.1_ICT_43,WMM,ict,mckale_ict,grey crystalline limestone,,,-7.581687,-17.99834442,1.419895218,0.144891254,17.93574325,0.043508748,0.426909195,-0.002492091,8.750644061,7.663383042,0.693649842,2.171646495,0.00290635,0.783055301
1,CV47,C16_105.1_ICT_46,WMM,ict,mckale_ict,grey crystalline limestone,,,-8.6998749,-18.75009155,7.088534119,0.267423954,30.93002306,0.126240534,3.315363908,-0.044391674,7.040606626,6.394972946,4.917646095,1.917860537,0.004810778,0.623420705
1,CV85,C16_105.1_ICT_49,WMM,ict,mckale_ict,grey crystalline limestone,,,1.2063098,-17.99459267,8.603378578,0.523585276,16.49606483,0.250489249,1.535035214,-0.068412999,5.55957494,15.85348639,2.874726457,1.979119556,0.017291373,0.361584434
1,CV76,C16_105.1_ICT_50,WMM,ict,mckale_ict,sandy grey crystalline limestone,,,-3.8206897,-18.14625359,4.640509033,0.737291342,16.39450084,0.338731849,2.438850364,0.001604926,11.08951053,18.54765917,3.975833555,2.209788483,0.042133401,0.27989437
1,CV50,C16_105.1_ICT_59,WMM,ict,mckale_ict,grey crystalline limestone,,,-8.175806,-19.100914,2.619785439,0.151018283,15.15538936,0.301943118,1.28001088,-0.080643956,2.715514761,5.920849865,2.249105621,1.359920576,0.011039073,0.698276419
1,CV61,C16_105.1_ICT_62,WMM,ict,mckale_ict,laminated grey limestone,,,-7.2703962,-19.95841599,2.446299626,0.21061604,11.60806669,0.162222322,0.899260202,-0.016231729,3.98296054,6.085823358,1.501734976,1.696849383,0.00457174,1.688298072
2,CV209,C16_105.1_ICT_70,WMM,ict,mckale_ict,sandy limestone,,,-7.107049942,-20.82077789,1.244298836,0.14528219,11.56188715,0.023852722,0.167839277,0.004923262,4.983293383,4.334295886,0.027670413,1.902040114,0.003731117,1.59249874
2,CV219,C16_105.1_ICT_72,WMM,ict,mckale_ict,laminated sandy limestone,,,-5.996884346,-21.62447739,6.889995144,0.220585286,8.046091055,0.163258336,0.873575019,0.033362207,6.080526677,5.837602914,0.170650618,1.932590517,0.028999653,1.740224302
1,CV65,C16_105.1_ICT_79,WMM,ict,mckale_ict,grey crystalline limestone,,,-6.6622548,-20.33149338,9.108581516,0.396421948,11.1051663,0.373227204,3.393168426,-0.007015258,4.974819426,5.802017972,6.131017107,2.026484975,0.00749589,1.409175576
2,CV208,C16_105.1_ICT_80,WMM,ict,mckale_ict,tan crystalline limestone,,,-7.139602661,-20.93325806,10.3706088,0.270249634,95.10300164,0.209918083,1.424444048,0.015913729,7.053222652,16.33687187,0.297004556,1.953831585,0.007903772,0.950673386
2,CV217,C16_105.1_ICT_82,WMM,ict,mckale_ict,grey crystalline limestone,,,-6.019141674,-23.19606018,1.785653656,0.136449581,6.757405086,0.092209637,0.72932813,0.028232688,4.711388594,4.104832119,0.151870791,1.720106864,0.010129796,2.289199
1,CV79,C16_105.1_ICT_91,WMM,ict,mckale_ict,sandy limestone,,,-2.723372,-18.00297165,4.6523141,0.25947816,24.75927496,0.043870707,1.369690183,-0.008815794,5.810899271,9.913868167,2.555476093,1.986754119,0.004249025,0.282015968
1,CV46,C16_105.1_ICT_92,WMM,ict,mckale_ict,tan crystalline limestone,,,-8.9519749,-18.89212418,10.53451818,0.181812526,122.1337063,0.047535476,1.067951727,-0.039117338,15.44012911,17.78356424,1.774022685,2.415492806,0.00268081,0.614219571
2,CV210,C16_105.1_ICT_94,WMM,ict,mckale_ict,sandy grey crystalline limestone,,,-6.961876869,-20.24790382,1.645449281,0.172102306,9.038328758,0.037354749,0.653409887,0.020899165,6.335454121,6.15712115,0.127888744,1.851752678,0.009279496,1.098170242
2,CV212,C16_105.1_ICT_95,WMM,ict,mckale_ict,grey crystalline limestone,,,-6.657640457,-21.66458893,3.439499505,0.508338482,22.03693915,0.073118036,0.938637744,-0.026599101,5.453469579,5.690111655,0.226151235,1.853253408,0.005589962,2.822269499
2,CV211,C16_105.1_ICT_99,WMM,ict,mckale_ict,tan crystalline limestone,,y,-6.837164879,-22.4291153,2.280808195,0.291290338,20.72296429,0.065772028,0.362361306,0.00255918,4.952055909,6.855083527,0.072369605,1.913682718,0.014871046,0.906601231
1,CV63,C16_108.0_ICT_15,WMM,ict,mckale_ict,sandy limestone,,,-6.9720354,-19.54565811,3.758689964,0.179976744,25.39587137,0.298384371,1.644854133,-0.039201151,3.501939411,8.98276738,2.530517509,1.413105622,0.246276519,0.283826516
1,CV48,C16_108.0_ICT_23,WMM,ict,mckale_ict,limestone cemented sandstone,,,-8.547019,-17.80479622,6.165522811,0.174899568,16.49937867,0.05296528,-0.091383705,-0.063150674,2.634947027,6.295039904,0.146979409,1.315765356,0.015569025,0.199647194
1,CV70,C16_108.0_ICT_26,WMM,ict,mckale_ict,sandy limestone,,,-6.0009809,-23.339077,2.932705542,0.50981864,10.01052274,0.223349189,0.929730788,0.04876046,3.264175194,6.868539778,1.421029307,1.901226125,0.023754191,0.694305661
2,CV216,C16_108.0_ICT_27,WMM,ict,mckale_ict,sandy limestone,,,-6.113436699,-22.14075089,2.480282422,0.195118417,8.315359538,0.121959609,0.695608223,0.078913593,3.028986332,4.672955005,0.131265684,1.842588955,0.036095993,0.731962535
1,CV62,C16_108.0_ICT_30,WMM,ict,mckale_ict,sandy limestone,,,-7.0539293,-17.06476021,49.31104712,0.20605614,353.7532888,0.072873426,0.391246852,0.012802672,7.744169245,22.23375626,0.390001366,1.856346367,0.003675993,0.690389835
1,CV59,C16_108.0_ICT_32,WMM,ict,mckale_ict,grey crystalline limestone,,,-7.438448,-17.99064255,1.13775093,0.094051265,18.52562051,0.088425979,0.47962461,-0.048219411,3.301563272,8.665149285,0.869663364,1.305023763,0.002921141,0.688215741
1,CV66,C16_108.0_ICT_34,WMM,ict,mckale_ict,grey crystalline limestone,,,-6.5277185,-19.61888123,2.181878257,0.18088836,10.25657285,0.094485025,0.629986154,0.020203407,3.460898668,4.793400242,0.913825467,1.857346374,0.02051278,0.802967053
1,CV57,C16_108.0_ICT_8,WMM,ict,mckale_ict,grey crystalline limestone,,,-7.7034287,-18.3225441,2.899640367,0.074011872,19.88648952,0.123687947,1.112532547,-0.032883966,3.770221618,5.952420396,1.812625068,1.258662917,0.009772586,0.689568547
1,CV56,C16_110.0_ICT_2,WMM,ict,mckale_ict,dark grey grainstone,,,-7.7534599,-18.22607613,7.165884299,0.378693341,20.26406126,0.145106284,1.870769609,-0.02519903,3.360381256,3.640126922,2.927003864,1.408721654,0.004943093,1.156158989
1,CV49,C16_111.0_ICT_10,WMM,ict,mckale_ict,silty limestone,,,-8.3085861,-18.76777649,2.966574554,0.129059091,19.01596577,0.059439798,0.700407764,-0.044335383,3.496927968,5.543374148,0.950253407,1.697361157,0.002703493,0.557609661
1,CV55,C16_111.0_ICT_13,WMM,ict,mckale_ict,limestone cemented sandstone,,,-7.809979,-18.8997612,2.894499938,0.286490629,19.71763972,0.03888641,0.164245027,-0.036845607,3.34547919,7.527859182,0.245609562,1.712975438,0.000183587,0.391704044
1,CV54,C16_111.0_ICT_15,WMM,ict,mckale_ict,sandy limestone,,,-7.9221277,-19.70783615,7.184979077,0.222307644,18.68226921,0.113748361,1.133012962,-0.062469108,3.381294495,7.09668109,1.953302835,1.69564375,0.001063308,0.513785991
2,CV206,C16_111.0_ICT_19,WMM,ict,mckale_ict,grey crystalline limestone,,,-7.663799763,-21.06690979,6.79870844,0.196544485,18.11838148,0.187071296,1.388349607,0.018906431,3.439113058,4.664330375,0.317519687,1.661681753,0.002509115,1.245040343
2,CV205,C16_111.0_ICT_20,WMM,ict,mckale_ict,dark grey grainstone,,,-7.87802124,-20.0467453,11.00825609,0.336058248,18.98017007,0.840273815,2.094982012,0.097835082,3.346988951,8.541447413,0.443097628,1.684376515,0.019472059,0.926297085
1,CV53,C16_111.0_ICT_22,WMM,ict,mckale_ict,sandy limestone,,,-7.9537849,-19.75197601,5.27007354,0.151346395,18.68384281,0.167495422,1.072840024,-0.079526856,3.395087451,6.079512155,1.753681308,1.533715961,0.012394273,1.067726435
2,CV207,C16_111.0_ICT_25,WMM,ict,mckale_ict,tan crystalline limestone,,,-7.282249451,-20.556633,3.298978288,0.233637651,18.58002613,0.045988974,0.409208376,-0.002150896,3.134485639,6.771967324,0.076598327,1.844327398,0.004130872,0.260133958
2,CV221,C16_111.0_ICT_26,WMM,ict,mckale_ict,sandy limestone,,,-2.338377714,-20.25999832,6.295023021,0.378216962,18.88535498,0.078252907,0.694576231,0.043611271,3.308997389,0.970732731,0.134151087,1.738144311,0.021878086,0.657483549
1,CV64,C16_111.0_ICT_29,WMM,ict,mckale_ict,sandy limestone,,,-6.7506337,-22.42490578,14.23837427,1.447077399,16.33100405,0.600336744,4.400963561,0.078205301,3.81809609,7.365930164,7.042475527,1.893040437,0.021135403,0.657617533
2,CV204,C16_111.0_ICT_30,WMM,ict,mckale_ict,dark grey grainstone,,,-8.020927429,-20.41248131,10.71049872,0.446983581,18.54389307,0.401860083,1.443977122,0.030849695,3.536102456,6.277119016,0.297331367,1.720318508,0.028703131,1.139833888
1,CV74,C16_111.0_ICT_8,WMM,ict,mckale_ict,tan sandy limestone,,,-4.8555822,-17.52757645,5.176013377,0.337556828,23.11821665,0.22321321,1.858425482,-0.062162181,3.422672514,0.396605863,3.19402909,1.048211439,0.013395503,1.341566054
1,CV84,C16_136.0_ICT_10,WMM,ict,mckale_ict,sandy limestone,,y,-1.2949469,-18.21626472,11.02419426,0.828201424,19.57027409,0.260798478,2.150572576,-0.057429159,3.106481845,13.47161651,4.461425152,1.706248156,0.03200794,0.084941125
1,CV83,C16_136.0_ICT_11,WMM,ict,mckale_ict,silty limestone,,y,-1.9456871,-16.59285164,88.86028275,2.27433397,706.6463649,0.12766193,5.512624789,-0.049617906,16.24653208,77.07916516,10.28756144,0.9114816,0.006111536,1.480049171
1,CV72,C16_136.0_ICT_19,WMM,ict,mckale_ict,ls mudstone,,,-5.6199317,-18.33688927,3.726957615,0.396119772,6.176169157,0.0267777,1.006765697,-0.027747245,3.612769408,3.546498148,1.839583747,2.180763452,0.002309987,0.440785179
1,CV68,C16_136.0_ICT_20,WMM,ict,mckale_ict,grey crystalline limestone,,,-6.2495632,-18.39875031,10.61611453,1.296244472,8.658728046,0.756020661,3.319571693,0.001655584,3.843208213,12.28867334,5.844796694,2.153161531,0.352235211,0.895180849
1,CV73,C16_136.0_ICT_9,WMM,ict,mckale_ict,sandy limestone,,,-5.3323426,-18.17623138,7.468906848,0.539949219,19.48191023,0.309097468,1.454678555,0.037231367,2.67310569,12.24881916,2.545457929,1.544584087,0.04417284,0.102313094
1,CV52,C16_139.0_ICT_2,WMM,ict,mckale_ict,ls mudstone,,,-8.0104179,-18.42741776,3.021971999,0.148535507,20.40038641,0.158062252,0.213544611,-0.04716367,3.008770214,6.569893223,0.361467473,1.542299993,0.050101258,0.150907897
1,CV-13,C16_161.5,WMM,section,mckale_sec,limestone cemented sandstone,,,-6.6991272,-18.27578735,2.166110127,0.240419819,9.309491729,0.091587452,-1.758820018,0.046352279,4.695077062,8.014255495,0.206154777,2.052729577,0.061525839,0.204703751
2,CV161,C16_164.0,WMM,section,mckale_sec,wackestone,,,-5.486806393,-16.87005043,7.119447697,0.501145255,12.53191094,0.432827442,1.592745525,-0.039282549,1.518045035,6.264055293,0.366758848,2.555325627,0.108148289,0.184302482
2,CV162,C16_165.3,WMM,section,mckale_sec,limestone cemented sandstone,,,-5.262210846,-17.23843193,2.767055102,0.48200629,7.554316603,0.296577031,0.398223464,-0.08291391,1.032896287,3.186816419,0.096319894,2.14451935,0.239018261,0.90183485
1,CV-14,C16_166.3,WMM,section,mckale_sec,limestone cemented sandstone,,,-5.7794137,-17.79530907,11.54326622,1.487929703,13.74595895,0.881176186,2.350632526,0.228314439,0.883862205,8.110101469,4.885631837,3.131641763,0.3184177,0.196961497
2,CV163,C16_167.4,WMM,section,mckale_sec,ls mudstone,,,-5.147033691,-17.64927673,7.509475668,0.270592307,18.69484833,0.112443042,0.522352936,0.154542887,0.428492674,5.016307957,0.126037706,4.644752434,0.010970055,0.244231223
2,CV164,C16_169.6,WMM,section,mckale_sec,ls mudstone,,,-5.070957184,-17.25761032,5.7876761,0.349551584,16.63076195,0.097318071,0.67490987,0.118314722,0.452337663,1.82252742,0.162658177,4.504724459,0.012519128,0.191622464
1,CV-15,C16_171.6,WMM,section,mckale_sec,ls mudstone,,,-4.7683406,-17.37109184,6.623695581,0.416686628,18.60023964,0.070180095,0.506324684,-0.022301879,0.456296593,9.93626256,1.347567766,5.356910621,0.003410493,0.420880478
2,CV165,C16_172.6,WMM,section,mckale_sec,ls mudstone,,,-4.974720955,-17.54391098,5.169591527,0.37205715,16.37527299,0.036609532,0.48971192,0.019714908,0.319282862,3.252003048,0.117607158,4.996843191,0.006907485,0.5131319
2,CV166,C16_174.6,WMM,section,mckale_sec,ls mudstone,,,-3.273938656,-16.22459793,2.44936759,0.103671246,14.39309691,0.0312083,0.140590846,0.029222265,0.488007596,5.64034249,0.021933664,4.855792967,0.03427481,0.233079884
2,CV167,C16_176.6,WMM,section,mckale_sec,ls mudstone,,,-4.632104874,-17.09058571,4.668838752,0.175699901,17.98678168,0.027886298,0.309748055,0.038316845,0.450266248,6.144930421,0.070373727,5.788360807,0.00144671,0.146131961
1,CV-16,C16_177.6,WMM,section,mckale_sec,ls mudstone,,,-4.9826279,-17.09893608,3.823634125,0.379012356,16.48485018,0.058577016,0.292828828,-0.034608892,0.454706438,8.09244268,0.99915373,5.20768425,0.001250441,0.19471935
2,CV168,C16_179.5,WMM,section,mckale_sec,ls mudstone,,,-4.923003197,-18.33932114,6.207928267,0.623061513,8.291511957,0.075106757,0.720214989,0.023351852,0.383893078,5.217073692,0.186152674,3.727454653,0.016274942,1.371614575
2,CV169,C16_181.5,WMM,section,mckale_sec,ls mudstone,,,-4.319487095,-16.82635117,4.007706871,0.221537188,16.69106923,0.051307791,0.441751987,0.020289408,0.369701094,5.521863371,0.101699736,5.312855378,0.001460217,0.03944245
1,CV-17,C16_183.5,WMM,section,mckale_sec,ls mudstone,sulfides,,-1.9291363,-15.43745422,5.284816856,0.398181327,3.350279865,0.071963676,0.098754325,0.026283763,0.747453779,0.105136851,0.597119798,0.805644687,0.020956767,0.352999011
2,CV170,C16_184.5,WMM,section,mckale_sec,ls mudstone,,,-5.019248962,-16.6860218,3.69077683,0.497843986,15.5520586,0.03991617,0.586574292,0.049693725,0.448540972,0.867901145,0.146248892,4.641212589,0.008321427,0.395108081
2,CV171,C16_187.0,WMM,section,mckale_sec,sandy grainstone,sulfides,,-4.923845291,-16.69885635,3.128644357,0.24591904,17.20119622,0.063746925,0.107716509,-1.42E-06,0.879056448,8.250678413,0.016947059,4.135140409,0.009993309,0.069539515
2,CV172,C16_188.4,WMM,section,mckale_sec,ls mudstone,,,-5.221403599,-16.37733078,7.446046072,0.568265205,19.65277432,0.362802603,1.618204141,0.059615675,1.221038288,10.12550793,0.375462883,4.61480674,0.04817377,0.270063818
1,CV-18,C16_189.4,WMM,section,mckale_sec,sandy grainstone,sulfides,,-4.6419387,-15.66182041,6.252401327,0.524339554,12.5246446,0.018165438,0.072925297,0.002860206,1.533794316,0.707868047,0.517102474,2.713980888,0.000689991,0.11698218
2,CV173,C16_191.3,WMM,section,mckale_sec,ls mudstone,sulfides,,-4.824121952,-16.71564484,2.422379519,0.22191938,19.01956319,0.043219938,0.289055417,0.080455053,1.575934529,7.32211296,0.061263939,4.415430124,0.005648592,0.094864443
2,CV174,C16_198.3,WMM,section,mckale_sec,ls mudstone,sulfides,,-5.466349125,-16.91957855,2.072822929,0.121777939,19.6080482,0.038058213,0.219451563,0.010556825,1.347268033,4.158330798,0.044508048,4.522530981,0.002594514,0.094183857
1,CV-19,C16_203.3,WMM,section,mckale_sec,ls mudstone,sulfides,,-4.1122384,-16.64539528,3.785719815,0.632647698,17.82888399,0.089472655,0.354052381,0.022587403,0.623406168,8.808424523,1.142551542,4.817176331,0.002704113,0.095675198
2,CV175,C16_204.3,WMM,section,mckale_sec,sandy grainstone,sulfides,,-4.074716568,-16.81881332,2.157099975,0.402743242,17.79359157,0.070497006,0.285574833,0.086921441,0.677113855,8.225123199,0.053958917,4.736042806,0.017395031,0.087064837
2,CV176,C16_206.3,WMM,section,mckale_sec,ls mudstone,,,-4.089812756,-16.55751038,3.328662068,0.175151884,15.28038845,0.034740207,0.443353631,-0.065954066,0.483813531,5.035895732,0.086043941,4.913996242,0.001737215,0.035636294
2,CV177,C16_208.3,WMM,section,mckale_sec,limestone cemented sandstone,,,-4.598834991,-16.13644028,2.678196911,0.369140576,11.96663184,0.124325041,0.426779364,-0.055456354,1.2993494,5.099220957,0.079797372,2.500787357,0.027433907,0.110736983
1,CV-20,C16_210.0,WMM,section,mckale_sec,limestone cemented sandstone,,,-4.7728562,-17.13969231,5.305188066,0.288061522,18.73779933,0.264811959,-0.332478201,-0.023835858,2.51101124,12.05505829,0.879271012,3.774721083,0.106865413,0.107000781
2,CV178,C16_221.5,WMM,section,mckale_sec,ls mudstone,,,-5.229438305,-17.73403549,2.704751207,0.31061214,19.65387553,0.047774038,0.303422196,0.126133342,1.599339424,9.17491625,0.05962205,3.634041677,0.005289354,0.090296007
2,CV179,C16_229.0,WMM,section,mckale_sec,ls mudstone,,y,-3.487021923,-17.39315033,3.456099615,0.080186575,18.80203813,0.043727289,0.20797341,0.117467273,0.566793587,2.639856798,0.035123941,3.410328799,0.008982099,0.181619689
1,CV-21,C16_231.0,WMM,section,mckale_sec,ls mudstone,,,-3.727679,-17.41398048,2.386931301,0.17190365,18.5602624,0.029425791,-0.171427926,-0.00573106,0.510227429,7.381594676,0.333989035,3.311748436,0.000518103,0.11312547
2,CV180,C16_232.0,WMM,section,mckale_sec,ls mudstone,,,-3.676147461,-18.00538826,5.242221415,0.190816874,18.89231322,0.064323467,0.425985472,0.02731831,0.532066147,4.496223488,0.083595766,3.708879571,0.003220381,0.182282696
2,CV181,C16_234.0,WMM,section,mckale_sec,ls mudstone,,,-3.695813656,-17.55757141,2.527297175,0.09406236,19.30432347,0.025741867,0.190763795,1.16E-06,0.479987436,5.625566015,0.029805281,3.751639312,0.002139689,0.115051529
1,CV75,C16_237.0_ICT_1,WMM,ict,mckale_ict,ls mudstone,,,-4.0733204,-17.45853806,3.785273548,0.149465638,20.93252601,0.036908051,0.439987015,-0.033550279,0.952564587,4.654157834,0.66722814,3.084025437,0.000494948,0.071318383
1,CV82,C16_237.0_ICT_6,WMM,ict,mckale_ict,ls mudstone,,,-2.1355352,-16.98033905,3.887769005,0.139314131,20.8994199,0.110467133,0.451686233,-0.007329401,0.980534207,5.33952717,0.562698348,3.060753857,0.004391082,0.068110493
2,CV182,C16_251.4,WMM,section,mckale_sec,sandy grainstone,sulfides,,-2.891256571,-17.44952393,5.016870154,0.21614328,19.34798096,0.226096909,0.589869297,0.022073954,0.762886954,8.075388382,0.115830762,2.2877682,0.072655224,0.053780692
1,CV-22,C16_252.4,WMM,section,mckale_sec,sandy grainstone,,,-2.7265654,-17.20454788,1.564020646,0.028528012,11.6008766,0.047303826,-0.806832711,-0.051173037,0.536842959,3.416613688,0.001328609,2.403429072,0.003367008,0.096523598
2,CV186,C16_254.2,WMM,section,mckale_sec,limestone cemented sandstone,,,-2.710965872,-17.57505989,56.42961491,1.728019092,20.52488604,2.335810054,6.020451203,0.329438498,1.511571591,8.327166271,1.335400016,2.252117951,0.335316074,0.159397638
2,CV183,C16_255.2,WMM,section,mckale_sec,limestone cemented sandstone,,,-2.786670208,-17.68947029,28.30243937,0.797780857,20.83867232,0.902381205,2.711636883,0.189192054,1.542885267,8.551713931,0.559474009,2.219164907,0.148720091,0.171483498
2,CV187,C16_255.9,WMM,section,mckale_sec,wackestone,,,-2.424179077,-17.55496216,9.789506002,0.741651946,18.48012305,0.345498919,1.183512377,0.026086088,1.315604298,7.260174976,0.261816937,2.137423206,0.038902569,0.279774832
1,CV77,C16_256.0_ICT_11,WMM,ict,mckale_ict,ls mudstone,,,-3.3787687,-17.18333435,1.786118183,0.123445783,20.24584564,0.027088075,0.167445964,-0.025083551,1.297897429,5.121518048,0.260859612,2.103931084,0.001608253,0.20882244
1,CV78,C16_256.0_ICT_20,WMM,ict,mckale_ict,ls mudstone,,,-2.9951983,-17.59392166,2.600317922,0.2282774,19.83292884,0.067242636,0.469536403,-0.003158984,1.225244336,7.49690594,0.637847903,2.321251413,0.002047131,0.18856794
1,CV81,C16_256.0_ICT_22,WMM,ict,mckale_ict,ls mudstone,,,-2.3448377,-17.62722778,4.059244389,0.763671868,19.05818885,0.117274644,0.71203633,0.006540609,1.361785871,5.903971336,1.107051734,2.111124013,0.014308137,0.321558404
1,CV80,C16_256.0_ICT_8,WMM,ict,mckale_ict,limestone cemented sandstone,,,-2.4681048,-17.53355598,4.419304757,0.149667926,20.76270054,0.084032554,0.663888833,-0.057881149,1.298628355,5.917389416,0.879712817,2.17670423,0.014351699,0.168069644
2,CV184,C16_258.6,WMM,section,mckale_sec,ls mudstone,,,0.049881458,-17.12997437,24.74688696,1.265619207,20.10524328,0.166853592,0.526706402,0.024555665,3.470509598,9.84770871,0.103467496,1.873960138,0.011968505,0.288394116
2,CV188,C16_259.6,WMM,section,mckale_sec,limestone cemented siltstone,,,-0.443353176,-17.21959496,33.17548544,2.556466313,17.52841151,0.802398536,2.324135054,0.06649342,4.859870203,16.56680185,0.49134737,1.802964366,0.091078149,0.072884738
1,CV-23,C16_269.0,WMM,section,mckale_sec,limestone cemented sandstone,,,-2.0395873,-15.69561863,12.1042449,1.657199077,9.549709423,0.831913252,5.921687588,-0.034813256,6.383137064,5.804450535,7.61363987,1.145598,0.256086134,0.215892034
2,CV185,C16_269.3,WMM,section,mckale_sec,limestone cemented sandstone,,,-3.6118083,-15.80901909,11.54346626,0.695331523,10.83799907,0.583056037,5.407160944,0.086024735,1.323501599,0.004010353,1.055859827,0.179876131,0.046437994,1.417465197
2,CV225,C4_ICT1_10,WMM,ict,hidden_ict,ls mudstone,,,2.024888039,-13.36815453,3.572526632,0.113905287,26.41979936,0.036191733,0.112188589,0.795561648,0.596474004,0.117693717,0.012892094,1.800716673,0.000531148,0.230801697
2,CV226,C4_ICT1_12,WMM,ict,hidden_ict,ls mudstone,,,-0.98453474,-16.67353439,6.849776988,0.289260881,19.55951125,0.135934317,0.37025028,0.46543909,1.617708139,3.244147264,0.062633506,1.750493701,0.003831543,0.561181629
2,CV227,C4_ICT1_14,WMM,ict,hidden_ict,ls mudstone,,,-1.318693876,-16.31861115,2.431226473,0.223455782,17.41444787,0.019652702,0.065961902,0.091111021,1.580550543,0.86878519,0.008264507,0.867831382,0.002217135,0.178693356
2,CV228,C4_ICT1_16,WMM,ict,hidden_ict,ls mudstone,,,3.203896046,-16.05657196,8.333622279,0.230474258,16.45620465,0.146986199,0.139558505,1.184378912,0.59931739,0.521259504,0.017374196,3.219275312,0.011910988,0.164484736
2,CV229,C4_ICT1_18,WMM,ict,hidden_ict,grey crystalline limestone,,,-6.215754509,-16.41741562,3.761128782,0.478425864,12.18621896,0.248930702,0.811278949,0.040872386,2.172399505,3.369492852,0.167663105,0.895721725,0.02173488,0.196687226
2,CV230,C4_ICT1_20,WMM,ict,hidden_ict,ls mudstone,,y,2.314186096,-15.68163967,5.945439836,0.363320614,20.60331868,0.142933557,0.343653945,3.32481125,0.649553286,0.362283066,0.062686006,2.589735757,0.004729548,0.368910611
2,CV231,C4_ICT1_22,WMM,ict,hidden_ict,sandy grainstone,,,-0.899405956,-16.68369102,4.307753343,0.288852231,23.94884609,0.094171871,0.231288698,0.374039499,1.565624127,1.769381534,0.035828301,1.337722059,0.003121833,0.29995201
2,CV232,C4_ICT1_24,WMM,ict,hidden_ict,sandy grainstone,,,-1.88180685,-16.75595665,3.646949282,0.266713536,22.03984494,0.071514012,0.29555715,0.055603045,1.834578963,2.27573397,0.05638671,1.4175904,0.001795885,0.456430126
2,CV233,C4_ICT1_26,WMM,ict,hidden_ict,silty grainstone,,,-5.98579073,-16.76319885,7.799316297,0.95721715,25.6027276,0.317922857,0.752920592,0.983466167,2.279626821,7.472848035,0.15425961,0.580287973,0.010751167,0.63087481
2,CV234,C4_ICT1_28,WMM,ict,hidden_ict,ls mudstone,,,2.555571556,-13.64435101,12.86754055,0.372155107,14.35739008,0.060492921,0.04555513,1.221973275,0.34448058,0.351925155,5.68E-05,2.759237251,0.0006651,0.187018012
2,CV235,C4_ICT1_30,WMM,ict,hidden_ict,sandy grainstone,,,-1.722331047,-16.86086655,7.746745265,0.624903223,21.99173488,0.330441821,0.759183482,0.250936722,3.149076229,4.158403811,0.158551266,1.243885618,0.0170396,0.300601877
2,CV236,C4_ICT1_32,WMM,ict,hidden_ict,ls mudstone,,,2.415545464,-16.35101318,3.948887161,0.199676333,25.76275807,0.153810063,0.208661478,0.956344965,0.897924748,0.764890473,0.029765492,1.260473906,0.003946813,0.655705873
2,CV237,C4_ICT1_34,WMM,ict,hidden_ict,sandy grainstone,,,0.537525177,-16.75060654,7.35392787,0.191073237,21.56881582,0.15309674,0.20626174,0.56872887,0.719368436,1.095755062,0.033840807,2.30718874,0.000983033,0.198871793
2,CV238,C4_ICT1_37,WMM,ict,hidden_ict,silty grainstone,,,-5.899153709,-16.55169296,4.962651698,0.639847357,57.70679735,0.339943894,1.502035289,0.00646512,4.046103638,14.43501661,0.310567419,1.415978353,0.006617913,0.642390158
2,CV239,C4_ICT1_39,WMM,ict,hidden_ict,silty grainstone,,,1.784328938,-15.85054398,2.736872288,0.117559294,21.92626809,0.029706148,0.080059298,0.101137312,1.902946682,0.832997558,0.005121253,1.186740332,0.001427739,0.269330949
2,CV222,C4_ICT1_4,WMM,ict,hidden_ict,ls mudstone,,,0.044408798,-14.20666981,3.302898826,0.141324817,28.12442784,0.068378477,0.13866649,1.062877679,0.513682987,0.340533879,0.017657949,1.442902605,0.000642341,0.34427728
2,CV240,C4_ICT1_41,WMM,ict,hidden_ict,ls mudstone,,,-3.883167744,-16.68286896,5.665097582,0.740039981,31.42654718,0.357376221,0.726135028,0.12760632,2.776675082,6.839387282,0.144212764,1.184822349,0.024094466,0.183032126
2,CV223,C4_ICT1_6,WMM,ict,hidden_ict,ls mudstone,,,-3.043255329,-17.12009048,6.390207677,0.497388336,19.26717147,0.186492108,1.094989217,0.032229885,2.00696149,1.685587089,0.228137029,1.321286249,0.004492845,0.339849024
2,CV224,C4_ICT1_8,WMM,ict,hidden_ict,ls mudstone,,,0.217856884,-15.55067635,8.958562022,0.239863476,28.97152755,0.152398879,0.214350348,1.90433242,0.523076245,0.553429193,0.035830653,2.266184931,0.004155249,0.297477064
2,CV245,C4_ICT2_10,WMM,ict,hidden_ict,ls mudstone,,,-0.453319073,-14.95063496,3.437951965,0.15280387,26.74842263,0.186515418,0.275495112,0.413586142,0.859733854,0.394501533,0.042825316,1.878737659,0.00873693,0.208386154
2,CV246,C4_ICT2_12,WMM,ict,hidden_ict,ls mudstone,,y,0.886975765,-11.47235584,2.6064749,0.07980782,21.15348821,0.066053418,0.108645323,0.783125581,0.387733961,0.260484687,0.011792732,1.481616431,0.000736461,0.374367193
2,CV247,C4_ICT2_14,WMM,ict,hidden_ict,grey crystalline limestone,,,-5.211423397,-16.14413834,5.572014784,0.359408942,19.32390762,0.379415045,1.630846696,0.234801868,1.879704228,2.537671139,0.325930109,0.699426484,0.017040452,0.627473656
2,CV248,C4_ICT2_16,WMM,ict,hidden_ict,sandy grainstone,,,-2.217838764,-16.21783447,3.626948001,0.225167751,19.50635111,0.074102582,0.294878863,-0.03317824,2.858183513,2.317147807,0.041477313,1.162831142,0.002012222,0.507646212
2,CV249,C4_ICT2_18,WMM,ict,hidden_ict,grey crystalline limestone,,,-5.260126114,-16.24332619,4.574879145,0.367006892,15.63416814,0.138867497,1.291353487,0.001793849,1.512521291,1.060680898,0.254071522,0.828601367,0.006952405,0.35146888
2,CV241,C4_ICT2_2,WMM,ict,hidden_ict,sandy grainstone,,,-2.213097095,-15.50493622,8.618633104,0.084466961,12.03946892,0.02883502,0.065229805,0.017866316,2.60702725,2.475752246,0.004481241,0.878686908,0.002952892,0.405176139
2,CV250,C4_ICT2_20,WMM,ict,hidden_ict,ls mudstone,,,-1.837524176,-16.12185669,5.976929745,0.332943885,20.27138431,0.193491125,0.741655661,0.105267948,1.209299638,0.303857176,0.151653013,3.222979621,0.003735101,0.271666322
2,CV242,C4_ICT2_4,WMM,ict,hidden_ict,ls mudstone,,,-5.549380302,-16.03851318,5.694929961,0.376623443,16.46264879,0.428047348,1.795728592,0.145180721,1.520643772,1.809905207,0.361906549,0.619214973,0.021503872,0.27746853
2,CV243,C4_ICT2_6,WMM,ict,hidden_ict,grey crystalline limestone,,,-5.633850098,-16.12088776,5.107674392,0.366273646,16.57966705,0.141043285,0.514194636,0.21642601,1.164110189,0.99777431,0.086891407,0.432617558,0.004517763,0.202647461
2,CV244,C4_ICT2_8,WMM,ict,hidden_ict,grey crystalline limestone,,,-5.872590065,-16.08460999,5.513595275,0.959158725,21.75507896,0.437842642,1.3773436,0.147549597,1.550259656,4.212042844,0.305124975,0.697958443,0.043021079,0.204921573
1,CV29,C8_104.6,TLM,section,temple_sec,sandy crystalline limestone with microcrystalline dolomite,,y,-8.916954,-15.21728611,8.091503408,2.821718596,14.00821924,0.238527831,0.837115438,0.135868956,10.39436485,1.407345777,1.51233298,0.531787425,0.020365687,0.244913831
1,CV30,C8_111.0_purple,TLM,section,temple_sec,sandy pink crystalline limestone,,,-8.6417665,-15.30418301,11.16254322,3.226210213,16.17221755,0.436480279,1.351630592,0.144693534,8.778123103,1.641191432,2.255019126,0.440798599,0.043498941,0.23616814
1,CV31,C8_115.1_white,TLM,section,temple_sec,sandy tan crystalline limestone,,,-8.4833193,-15.27438736,7.936083154,2.724317112,15.62806046,0.191528123,1.192034563,0.008123296,7.643153553,0.588170969,1.936484399,0.3640146,0.016464893,0.151817979
1,CV32,C8_119.8,TLM,section,temple_sec,sandy tan crystalline limestone,,,-8.2619305,-15.12695885,16.55380347,2.577439985,12.94559922,0.450721755,2.069145376,0.25098285,6.418751086,1.920369344,3.244807703,0.415629942,0.028473818,0.510254105
1,CV33,C8_128.1,TLM,section,temple_sec,green crystalline limestone,,,-7.8228836,-14.91936302,12.51654993,0.429312983,11.25496789,0.104271529,0.542085583,-0.018225651,3.260000135,0.324948385,0.93581598,0.327869378,0.002695549,0.506169233
2,CV189,C8_35.6,TLM,section,temple_sec,sandy pink crystalline limestone,,,-10.6086216,-15.25792217,5.683293462,3.200392434,17.77922792,0.332112761,0.409498314,0.158018519,11.73698504,2.024243528,0.096730728,0.576825734,0.034782518,0.852141204
1,CV-24,C8_6.3,TLM,section,temple_sec,grey crystalline limestone,,,-12.335146,-14.12032795,234.3238919,5.982197362,796.2559993,6.386954161,26.71939397,-0.392377326,112.7574497,102.5027231,34.69415383,0.724985547,0.466986027,0.27446831
2,CV190,C8_60.2,TLM,section,temple_sec,sandy grainstone,,,-10.59755898,-14.75698471,223.2028812,22.36477174,261.0510762,10.2962143,28.73893288,-0.525300312,29.26002294,31.01227051,6.671500451,0.740889537,1.163440591,1.004852685
2,CV191,C8_70.1,TLM,section,temple_sec,sandy pink crystalline limestone,,,-11.27788544,-15.83085632,11.94553932,11.06764534,39.37200714,0.848191141,1.44633052,0.100864881,22.61854066,2.581769168,0.349277536,0.67965229,0.059063317,0.248682235
1,CV-25,C8_70.8,TLM,section,temple_sec,sandy pink crystalline limestone,,,-10.98971,-15.56378078,7.713300592,4.342869265,13.15667018,0.278993484,0.27614499,0.113203034,9.158769036,1.291283192,0.965328301,0.568932461,0.007421766,0.244060731
2,CV192,C8_71.1,TLM,section,temple_sec,sandy green and pink crystalline limestone,,,-10.76332569,-16.47158241,6.334516086,4.044612202,12.59889077,0.377531658,0.582177857,0.099795883,10.52198265,1.132187715,0.151486836,0.597226755,0.01357278,0.340269282
2,CV193,C8_73.1,TLM,section,temple_sec,sandy pink crystalline limestone,,,-10.17246628,-15.61396313,8.84374218,2.644248903,14.79515576,0.309997535,0.563779511,0.28066294,8.016347069,1.049825292,0.131483714,0.543666648,0.006626436,0.305472312
2,CV194,C8_73.4,TLM,section,temple_sec,sandy pink crystalline limestone,,,-10.18840408,-15.79570103,5.291014037,1.619858408,18.23190333,0.114144459,0.24673382,0.031341984,9.370327231,0.948290838,0.049778887,0.549485907,0.012230645,0.277900275
2,CV195,C8_77.3,TLM,section,temple_sec,pink crystalline limestone,,,-9.788320541,-18.02100754,3.494631309,1.47246986,12.81667286,0.116427705,0.304311762,0.102776404,11.00248069,1.141579097,0.064901414,0.510630528,0.014794565,0.828144498
1,CV-26,C8_77.6,TLM,section,temple_sec,sandy pink crystalline limestone,,,-9.6977587,-17.16054535,6.457719204,2.441976508,11.86444955,0.183642579,0.336130662,0.007737139,10.50640284,1.218877641,0.948657068,0.463722751,0.003670855,0.540362654
2,CV196,C8_78.5,TLM,section,temple_sec,pink crystalline limestone,,,-9.745679855,-15.49373913,5.872620742,1.908914028,15.69309031,0.079818331,0.461823987,-0.001817743,11.94760237,0.193630033,0.097998931,0.519405109,0.003430114,0.849310393
2,CV197,C8_82.6,TLM,section,temple_sec,ls mudstone,,,-5.516160488,-13.57635498,393.865542,10.29087203,351.7257206,12.31641818,49.53206279,3.433127024,17.24318109,0.371456204,10.5301162,0.741617916,4.134435557,1.23882662
2,CV198,C8_84.1,TLM,section,temple_sec,sandy grainstone,,,-9.503284454,-15.28216076,99.26273061,9.337962916,52.71614619,4.949678682,12.75817599,0.246999278,25.67529341,8.329519357,2.731153275,0.9273116,0.839316307,0.234761089
1,CV27,C8_86.2,TLM,section,temple_sec,sandy grainstone,,,-9.4248829,-15.50467873,356.4631982,17.26039579,43.37291226,17.3967335,90.65153562,2.300378295,26.17060219,2.238988364,110.8758756,0.929966823,3.918345543,0.730756636
2,CV199,C8_87.2,TLM,section,temple_sec,sandy grainstone,,,-9.275121689,-15.83800697,257.8629819,8.486669667,37.28691301,8.813733043,31.86822892,0.321980846,21.51040181,0.629224594,6.960148212,0.88884636,1.664865971,0.715322057
2,CV200,C8_91.0,TLM,section,temple_sec,sandy grainstone,,,-9.167837143,-15.80129814,174.1888492,9.625119456,29.91188626,9.050260934,27.77302453,1.334387649,23.23841396,2.085368795,6.088375474,0.960060788,3.688380131,0.413996636
2,CV201,C8_92.9,TLM,section,temple_sec,sandy grainstone,,,-9.433534622,-15.62665749,212.1723161,10.8875401,31.83361358,7.058643427,30.43050448,0.634374114,23.64143066,1.90079163,6.75182853,1.011053441,1.400720187,0.674560189
2,CV202,C8_95.0,TLM,section,temple_sec,sandy grainstone,,,-9.414142609,-16.31380463,95.35636555,6.901320431,23.71243411,4.439006612,13.10942625,0.470088231,21.89618685,2.792909722,2.893388109,0.938062109,1.143589545,0.259670846
1,CV28,C8_97.3,TLM,section,temple_sec,sandy grainstone,,,-9.2970314,-15.59991741,66.75635475,6.375974697,18.90259083,2.91548902,15.6794785,0.039302642,20.24309423,2.852911485,18.91330091,0.939420853,0.650500374,0.250254514
2,CV203,C8_98.7,TLM,section,temple_sec,sandy grainstone,,,-7.405174255,-14.96997261,163.4438344,6.472028032,46.51386081,7.162140417,27.80907568,0.114136173,19.98633504,0.679604557,6.053817368,0.771119323,1.880894791,0.27909194